
 <beans xmlns="http://www.springframework.org/schema/beans"
	xmlns:xsi="http://www.w3.org/2001/XMLSchema-instance"
	xmlns:aop="http://www.springframework.org/schema/aop"
	xmlns:context="http://www.springframework.org/schema/context"
	
	xmlns:p="http://www.springframework.org/schema/p"
	xmlns:tx="http://www.springframework.org/schema/tx"
	xmlns:util="http://www.springframework.org/schema/util"
	xsi:schemaLocation="http://www.springframework.org/schema/beans http://www.springframework.org/schema/beans/spring-beans.xsd
		http://www.springframework.org/schema/aop http://www.springframework.org/schema/aop/spring-aop-3.0.xsd
		http://www.springframework.org/schema/context http://www.springframework.org/schema/context/spring-context.xsd
	
		http://www.springframework.org/schema/tx http://www.springframework.org/schema/tx/spring-tx-3.0.xsd
		http://www.springframework.org/schema/util http://www.springframework.org/schema/util/spring-util-3.0.xsd" default-lazy-init="true">


 <!-- <bean id='fda' class="com.model.FixedAccount" >
 <property name="roi" value="4.5"></property>
  <property name="duration" value="5"></property>
 </bean>
<bean id='sa' class="com.model.SavingAccount">
 <property name="roi" value="5.5"></property>
  <property name="duration" value="4"></property>
 </bean>
 
 <bean id='ca' class="com.model.CurrentAccount">
 <property name="roi" value="1.5"></property>
  <property name="duration" value="3"></property>
 </bean>
 
 
 <bean id='sa2' class="com.model.SalaryAccount">
 <property name="roi" value="3.5"></property>
  <property name="duration" value="4"></property>
 </bean> -->
 
 
  
   

</beans>	

